,property_config,city,bin,bedroom_1,bedroom_2,bedroom_3,wall_a,wall_b,wall_c
0,1 BHK,Bengaluru,1,8.511111111111111,0.0,0.0,10.356666666666666,9.533333333333335,18.0
1,1 BHK,Bengaluru,2,6.683193069306931,0.0,0.0,9.445239852398524,8.862295514511873,9.170891089108911
2,1 BHK,Bengaluru,3,6.683193069306931,0.0,0.0,9.445239852398524,8.862295514511873,9.170891089108911
3,1 BHK,Bengaluru,4,6.683193069306931,0.0,0.0,9.445239852398524,8.862295514511873,9.170891089108911
4,1 BHK,Bengaluru,1,8.511111111111111,0.0,0.0,10.356666666666666,9.533333333333335,18.0
5,1 BHK,Bengaluru,2,6.683193069306931,0.0,0.0,9.445239852398524,8.862295514511873,9.170891089108911
6,1 BHK,Bengaluru,3,6.683193069306931,0.0,0.0,9.445239852398524,8.862295514511873,9.170891089108911
7,1 BHK,Bengaluru,4,6.683193069306931,0.0,0.0,9.445239852398524,8.862295514511873,9.170891089108911
8,1 BHK,Bengaluru,1,8.511111111111111,0.0,0.0,10.356666666666666,9.533333333333335,18.0
9,1 BHK,Bengaluru,2,6.683193069306931,0.0,0.0,9.445239852398524,8.862295514511873,9.170891089108911
10,1 BHK,Bengaluru,3,6.683193069306931,0.0,0.0,9.445239852398524,8.862295514511873,9.170891089108911
11,1 BHK,Bengaluru,4,6.683193069306931,0.0,0.0,9.445239852398524,8.862295514511873,9.170891089108911
12,1 BHK,Bengaluru,1,8.511111111111111,0.0,0.0,10.356666666666666,9.533333333333335,18.0
13,1 BHK,Bengaluru,2,6.683193069306931,0.0,0.0,9.445239852398524,8.862295514511873,9.170891089108911
14,1 BHK,Bengaluru,3,6.683193069306931,0.0,0.0,9.445239852398524,8.862295514511873,9.170891089108911
15,1 BHK,Bengaluru,4,6.683193069306931,0.0,0.0,9.445239852398524,8.862295514511873,9.170891089108911
16,1 BHK,Chennai,1,6.6,0.0,0.0,7.049999999999999,6.324999999999999,9.170891089108911
17,1 BHK,Chennai,2,6.683193069306931,0.0,0.0,9.445239852398524,8.862295514511873,9.170891089108911
18,1 BHK,Chennai,3,6.683193069306931,0.0,0.0,9.445239852398524,8.862295514511873,9.170891089108911
19,1 BHK,Chennai,4,6.683193069306931,0.0,0.0,9.445239852398524,8.862295514511873,9.170891089108911
20,1 BHK,Chennai,1,6.6,0.0,0.0,7.049999999999999,6.324999999999999,9.170891089108911
21,1 BHK,Chennai,2,6.683193069306931,0.0,0.0,9.445239852398524,8.862295514511873,9.170891089108911
22,1 BHK,Chennai,3,6.683193069306931,0.0,0.0,9.445239852398524,8.862295514511873,9.170891089108911
23,1 BHK,Chennai,4,6.683193069306931,0.0,0.0,9.445239852398524,8.862295514511873,9.170891089108911
24,1 BHK,Chennai,1,6.6,0.0,0.0,7.049999999999999,6.324999999999999,9.170891089108911
25,1 BHK,Chennai,2,6.683193069306931,0.0,0.0,9.445239852398524,8.862295514511873,9.170891089108911
26,1 BHK,Chennai,3,6.683193069306931,0.0,0.0,9.445239852398524,8.862295514511873,9.170891089108911
27,1 BHK,Chennai,4,6.683193069306931,0.0,0.0,9.445239852398524,8.862295514511873,9.170891089108911
28,1 BHK,Chennai,1,6.6,0.0,0.0,7.049999999999999,6.324999999999999,9.170891089108911
29,1 BHK,Chennai,2,6.683193069306931,0.0,0.0,9.445239852398524,8.862295514511873,9.170891089108911
30,1 BHK,Chennai,3,6.683193069306931,0.0,0.0,9.445239852398524,8.862295514511873,9.170891089108911
31,1 BHK,Chennai,4,6.683193069306931,0.0,0.0,9.445239852398524,8.862295514511873,9.170891089108911
32,1 BHK,Hyderabad,1,6.683193069306931,0.0,0.0,9.445239852398524,8.862295514511873,9.170891089108911
33,1 BHK,Hyderabad,2,6.683193069306931,0.0,0.0,9.445239852398524,8.862295514511873,9.170891089108911
34,1 BHK,Hyderabad,3,6.683193069306931,0.0,0.0,9.445239852398524,8.862295514511873,9.170891089108911
35,1 BHK,Hyderabad,4,6.683193069306931,0.0,0.0,9.445239852398524,8.862295514511873,9.170891089108911
36,1 BHK,Hyderabad,1,6.683193069306931,0.0,0.0,9.445239852398524,8.862295514511873,9.170891089108911
37,1 BHK,Hyderabad,2,6.683193069306931,0.0,0.0,9.445239852398524,8.862295514511873,9.170891089108911
38,1 BHK,Hyderabad,3,6.683193069306931,0.0,0.0,9.445239852398524,8.862295514511873,9.170891089108911
39,1 BHK,Hyderabad,4,6.683193069306931,0.0,0.0,9.445239852398524,8.862295514511873,9.170891089108911
40,1 BHK,Hyderabad,1,6.683193069306931,0.0,0.0,9.445239852398524,8.862295514511873,9.170891089108911
41,1 BHK,Hyderabad,2,6.683193069306931,0.0,0.0,9.445239852398524,8.862295514511873,9.170891089108911
42,1 BHK,Hyderabad,3,6.683193069306931,0.0,0.0,9.445239852398524,8.862295514511873,9.170891089108911
43,1 BHK,Hyderabad,4,6.683193069306931,0.0,0.0,9.445239852398524,8.862295514511873,9.170891089108911
44,1 BHK,Hyderabad,1,6.683193069306931,0.0,0.0,9.445239852398524,8.862295514511873,9.170891089108911
45,1 BHK,Hyderabad,2,6.683193069306931,0.0,0.0,9.445239852398524,8.862295514511873,9.170891089108911
46,1 BHK,Hyderabad,3,6.683193069306931,0.0,0.0,9.445239852398524,8.862295514511873,9.170891089108911
47,1 BHK,Hyderabad,4,6.683193069306931,0.0,0.0,9.445239852398524,8.862295514511873,9.170891089108911
48,1 BHK,Kolkata,1,6.683193069306931,0.0,0.0,9.445239852398524,8.862295514511873,9.170891089108911
49,1 BHK,Kolkata,2,6.683193069306931,0.0,0.0,9.445239852398524,8.862295514511873,9.170891089108911
50,1 BHK,Kolkata,3,6.683193069306931,0.0,0.0,9.445239852398524,8.862295514511873,9.170891089108911
51,1 BHK,Kolkata,4,6.683193069306931,0.0,0.0,9.445239852398524,8.862295514511873,9.170891089108911
52,1 BHK,Kolkata,1,6.683193069306931,0.0,0.0,9.445239852398524,8.862295514511873,9.170891089108911
53,1 BHK,Kolkata,2,6.683193069306931,0.0,0.0,9.445239852398524,8.862295514511873,9.170891089108911
54,1 BHK,Kolkata,3,6.683193069306931,0.0,0.0,9.445239852398524,8.862295514511873,9.170891089108911
55,1 BHK,Kolkata,4,6.683193069306931,0.0,0.0,9.445239852398524,8.862295514511873,9.170891089108911
56,1 BHK,Kolkata,1,6.683193069306931,0.0,0.0,9.445239852398524,8.862295514511873,9.170891089108911
57,1 BHK,Kolkata,2,6.683193069306931,0.0,0.0,9.445239852398524,8.862295514511873,9.170891089108911
58,1 BHK,Kolkata,3,6.683193069306931,0.0,0.0,9.445239852398524,8.862295514511873,9.170891089108911
59,1 BHK,Kolkata,4,6.683193069306931,0.0,0.0,9.445239852398524,8.862295514511873,9.170891089108911
60,1 BHK,Kolkata,1,6.683193069306931,0.0,0.0,9.445239852398524,8.862295514511873,9.170891089108911
61,1 BHK,Kolkata,2,6.683193069306931,0.0,0.0,9.445239852398524,8.862295514511873,9.170891089108911
62,1 BHK,Kolkata,3,6.683193069306931,0.0,0.0,9.445239852398524,8.862295514511873,9.170891089108911
63,1 BHK,Kolkata,4,6.683193069306931,0.0,0.0,9.445239852398524,8.862295514511873,9.170891089108911
64,1 BHK,Mumbai,1,5.1,0.0,0.0,9.896666666666667,9.107,9.170891089108911
65,1 BHK,Mumbai,2,6.683193069306931,0.0,0.0,9.445239852398524,8.862295514511873,9.170891089108911
66,1 BHK,Mumbai,3,6.683193069306931,0.0,0.0,9.445239852398524,8.862295514511873,9.170891089108911
67,1 BHK,Mumbai,4,6.683193069306931,0.0,0.0,9.445239852398524,8.862295514511873,9.170891089108911
68,1 BHK,Mumbai,1,5.1,0.0,0.0,9.896666666666667,9.107,9.170891089108911
69,1 BHK,Mumbai,2,6.683193069306931,0.0,0.0,9.445239852398524,8.862295514511873,9.170891089108911
70,1 BHK,Mumbai,3,6.683193069306931,0.0,0.0,9.445239852398524,8.862295514511873,9.170891089108911
71,1 BHK,Mumbai,4,6.683193069306931,0.0,0.0,9.445239852398524,8.862295514511873,9.170891089108911
72,1 BHK,Mumbai,1,5.1,0.0,0.0,9.896666666666667,9.107,9.170891089108911
73,1 BHK,Mumbai,2,6.683193069306931,0.0,0.0,9.445239852398524,8.862295514511873,9.170891089108911
74,1 BHK,Mumbai,3,6.683193069306931,0.0,0.0,9.445239852398524,8.862295514511873,9.170891089108911
75,1 BHK,Mumbai,4,6.683193069306931,0.0,0.0,9.445239852398524,8.862295514511873,9.170891089108911
76,1 BHK,Mumbai,1,5.1,0.0,0.0,9.896666666666667,9.107,9.170891089108911
77,1 BHK,Mumbai,2,6.683193069306931,0.0,0.0,9.445239852398524,8.862295514511873,9.170891089108911
78,1 BHK,Mumbai,3,6.683193069306931,0.0,0.0,9.445239852398524,8.862295514511873,9.170891089108911
79,1 BHK,Mumbai,4,6.683193069306931,0.0,0.0,9.445239852398524,8.862295514511873,9.170891089108911
80,1 BHK,NCR,1,0.0,0.0,0.0,6.0,7.0,9.170891089108911
81,1 BHK,NCR,2,6.683193069306931,0.0,0.0,9.445239852398524,8.862295514511873,9.170891089108911
82,1 BHK,NCR,3,6.683193069306931,0.0,0.0,9.445239852398524,8.862295514511873,9.170891089108911
83,1 BHK,NCR,4,6.683193069306931,0.0,0.0,9.445239852398524,8.862295514511873,9.170891089108911
84,1 BHK,NCR,1,0.0,0.0,0.0,6.0,7.0,9.170891089108911
85,1 BHK,NCR,2,6.683193069306931,0.0,0.0,9.445239852398524,8.862295514511873,9.170891089108911
86,1 BHK,NCR,3,6.683193069306931,0.0,0.0,9.445239852398524,8.862295514511873,9.170891089108911
87,1 BHK,NCR,4,6.683193069306931,0.0,0.0,9.445239852398524,8.862295514511873,9.170891089108911
88,1 BHK,NCR,1,0.0,0.0,0.0,6.0,7.0,9.170891089108911
89,1 BHK,NCR,2,6.683193069306931,0.0,0.0,9.445239852398524,8.862295514511873,9.170891089108911
90,1 BHK,NCR,3,6.683193069306931,0.0,0.0,9.445239852398524,8.862295514511873,9.170891089108911
91,1 BHK,NCR,4,6.683193069306931,0.0,0.0,9.445239852398524,8.862295514511873,9.170891089108911
92,1 BHK,NCR,1,0.0,0.0,0.0,6.0,7.0,9.170891089108911
93,1 BHK,NCR,2,6.683193069306931,0.0,0.0,9.445239852398524,8.862295514511873,9.170891089108911
94,1 BHK,NCR,3,6.683193069306931,0.0,0.0,9.445239852398524,8.862295514511873,9.170891089108911
95,1 BHK,NCR,4,6.683193069306931,0.0,0.0,9.445239852398524,8.862295514511873,9.170891089108911
96,1 BHK,Pune,1,5.0,0.0,0.0,9.0,9.2,9.170891089108911
97,1 BHK,Pune,2,6.683193069306931,0.0,0.0,9.445239852398524,8.862295514511873,9.170891089108911
98,1 BHK,Pune,3,6.683193069306931,0.0,0.0,9.445239852398524,8.862295514511873,9.170891089108911
99,1 BHK,Pune,4,6.683193069306931,0.0,0.0,9.445239852398524,8.862295514511873,9.170891089108911
100,1 BHK,Pune,1,5.0,0.0,0.0,9.0,9.2,9.170891089108911
101,1 BHK,Pune,2,6.683193069306931,0.0,0.0,9.445239852398524,8.862295514511873,9.170891089108911
102,1 BHK,Pune,3,6.683193069306931,0.0,0.0,9.445239852398524,8.862295514511873,9.170891089108911
103,1 BHK,Pune,4,6.683193069306931,0.0,0.0,9.445239852398524,8.862295514511873,9.170891089108911
104,1 BHK,Pune,1,5.0,0.0,0.0,9.0,9.2,9.170891089108911
105,1 BHK,Pune,2,6.683193069306931,0.0,0.0,9.445239852398524,8.862295514511873,9.170891089108911
106,1 BHK,Pune,3,6.683193069306931,0.0,0.0,9.445239852398524,8.862295514511873,9.170891089108911
107,1 BHK,Pune,4,6.683193069306931,0.0,0.0,9.445239852398524,8.862295514511873,9.170891089108911
108,1 BHK,Pune,1,5.0,0.0,0.0,9.0,9.2,9.170891089108911
109,1 BHK,Pune,2,6.683193069306931,0.0,0.0,9.445239852398524,8.862295514511873,9.170891089108911
110,1 BHK,Pune,3,6.683193069306931,0.0,0.0,9.445239852398524,8.862295514511873,9.170891089108911
111,1 BHK,Pune,4,6.683193069306931,0.0,0.0,9.445239852398524,8.862295514511873,9.170891089108911
112,2 BHK,Bengaluru,1,7.963658536585366,8.385625,0.0,9.178292682926829,8.449268292682925,5.425
113,2 BHK,Bengaluru,2,7.646356589147286,8.17909090909091,0.0,8.931307692307692,8.345439999999998,8.407142857142857
114,2 BHK,Bengaluru,3,7.402916666666667,8.573658536585366,0.0,9.648,8.274081632653061,7.915
115,2 BHK,Bengaluru,4,6.0,8.111115044247788,0.0,8.9,8.6,9.170891089108911
116,2 BHK,Bengaluru,1,7.963658536585366,8.385625,0.0,9.178292682926829,8.449268292682925,5.425
117,2 BHK,Bengaluru,2,7.646356589147286,8.17909090909091,0.0,8.931307692307692,8.345439999999998,8.407142857142857
118,2 BHK,Bengaluru,3,7.402916666666667,8.573658536585366,0.0,9.648,8.274081632653061,7.915
119,2 BHK,Bengaluru,4,6.0,8.111115044247788,0.0,8.9,8.6,9.170891089108911
120,2 BHK,Bengaluru,1,7.963658536585366,8.385625,0.0,9.178292682926829,8.449268292682925,5.425
121,2 BHK,Bengaluru,2,7.646356589147286,8.17909090909091,0.0,8.931307692307692,8.345439999999998,8.407142857142857
122,2 BHK,Bengaluru,3,7.402916666666667,8.573658536585366,0.0,9.648,8.274081632653061,7.915
123,2 BHK,Bengaluru,4,6.0,8.111115044247788,0.0,8.9,8.6,9.170891089108911
124,2 BHK,Bengaluru,1,7.963658536585366,8.385625,0.0,9.178292682926829,8.449268292682925,5.425
125,2 BHK,Bengaluru,2,7.646356589147286,8.17909090909091,0.0,8.931307692307692,8.345439999999998,8.407142857142857
126,2 BHK,Bengaluru,3,7.402916666666667,8.573658536585366,0.0,9.648,8.274081632653061,7.915
127,2 BHK,Bengaluru,4,6.0,8.111115044247788,0.0,8.9,8.6,9.170891089108911
128,2 BHK,Chennai,1,6.0040000000000004,7.571428571428571,0.0,8.467333333333334,8.47962962962963,8.1
129,2 BHK,Chennai,2,3.592857142857143,6.675,0.0,8.621428571428572,9.066666666666668,8.166666666666666
130,2 BHK,Chennai,3,6.94,8.299999999999999,0.0,10.040000000000001,6.225,9.170891089108911
131,2 BHK,Chennai,4,6.683193069306931,8.111115044247788,0.0,9.445239852398524,8.862295514511873,9.170891089108911
132,2 BHK,Chennai,1,6.0040000000000004,7.571428571428571,0.0,8.467333333333334,8.47962962962963,8.1
133,2 BHK,Chennai,2,3.592857142857143,6.675,0.0,8.621428571428572,9.066666666666668,8.166666666666666
134,2 BHK,Chennai,3,6.94,8.299999999999999,0.0,10.040000000000001,6.225,9.170891089108911
135,2 BHK,Chennai,4,6.683193069306931,8.111115044247788,0.0,9.445239852398524,8.862295514511873,9.170891089108911
136,2 BHK,Chennai,1,6.0040000000000004,7.571428571428571,0.0,8.467333333333334,8.47962962962963,8.1
137,2 BHK,Chennai,2,3.592857142857143,6.675,0.0,8.621428571428572,9.066666666666668,8.166666666666666
138,2 BHK,Chennai,3,6.94,8.299999999999999,0.0,10.040000000000001,6.225,9.170891089108911
139,2 BHK,Chennai,4,6.683193069306931,8.111115044247788,0.0,9.445239852398524,8.862295514511873,9.170891089108911
140,2 BHK,Chennai,1,6.0040000000000004,7.571428571428571,0.0,8.467333333333334,8.47962962962963,8.1
141,2 BHK,Chennai,2,3.592857142857143,6.675,0.0,8.621428571428572,9.066666666666668,8.166666666666666
142,2 BHK,Chennai,3,6.94,8.299999999999999,0.0,10.040000000000001,6.225,9.170891089108911
143,2 BHK,Chennai,4,6.683193069306931,8.111115044247788,0.0,9.445239852398524,8.862295514511873,9.170891089108911
144,2 BHK,Hyderabad,1,8.866666666666667,9.066666666666666,0.0,9.533333333333333,10.233333333333333,9.170891089108911
145,2 BHK,Hyderabad,2,6.964545454545455,9.38875,0.0,10.946363636363635,11.210909090909091,8.6
146,2 BHK,Hyderabad,3,6.111764705882353,8.041666666666668,0.0,9.395,9.218235294117648,10.0
147,2 BHK,Hyderabad,4,6.683193069306931,8.111115044247788,0.0,9.445239852398524,8.862295514511873,9.170891089108911
148,2 BHK,Hyderabad,1,8.866666666666667,9.066666666666666,0.0,9.533333333333333,10.233333333333333,9.170891089108911
149,2 BHK,Hyderabad,2,6.964545454545455,9.38875,0.0,10.946363636363635,11.210909090909091,8.6
150,2 BHK,Hyderabad,3,6.111764705882353,8.041666666666668,0.0,9.395,9.218235294117648,10.0
151,2 BHK,Hyderabad,4,6.683193069306931,8.111115044247788,0.0,9.445239852398524,8.862295514511873,9.170891089108911
152,2 BHK,Hyderabad,1,8.866666666666667,9.066666666666666,0.0,9.533333333333333,10.233333333333333,9.170891089108911
153,2 BHK,Hyderabad,2,6.964545454545455,9.38875,0.0,10.946363636363635,11.210909090909091,8.6
154,2 BHK,Hyderabad,3,6.111764705882353,8.041666666666668,0.0,9.395,9.218235294117648,10.0
155,2 BHK,Hyderabad,4,6.683193069306931,8.111115044247788,0.0,9.445239852398524,8.862295514511873,9.170891089108911
156,2 BHK,Hyderabad,1,8.866666666666667,9.066666666666666,0.0,9.533333333333333,10.233333333333333,9.170891089108911
157,2 BHK,Hyderabad,2,6.964545454545455,9.38875,0.0,10.946363636363635,11.210909090909091,8.6
158,2 BHK,Hyderabad,3,6.111764705882353,8.041666666666668,0.0,9.395,9.218235294117648,10.0
159,2 BHK,Hyderabad,4,6.683193069306931,8.111115044247788,0.0,9.445239852398524,8.862295514511873,9.170891089108911
160,2 BHK,Kolkata,1,0.0,8.111115044247788,0.0,9.8,5.9,9.170891089108911
161,2 BHK,Kolkata,2,0.0,8.111115044247788,0.0,8.3,8.862295514511873,9.170891089108911
162,2 BHK,Kolkata,3,0.0,8.111115044247788,0.0,6.0,8.3,9.170891089108911
163,2 BHK,Kolkata,4,6.683193069306931,8.111115044247788,0.0,9.445239852398524,8.862295514511873,9.170891089108911
164,2 BHK,Kolkata,1,0.0,8.111115044247788,0.0,9.8,5.9,9.170891089108911
165,2 BHK,Kolkata,2,0.0,8.111115044247788,0.0,8.3,8.862295514511873,9.170891089108911
166,2 BHK,Kolkata,3,0.0,8.111115044247788,0.0,6.0,8.3,9.170891089108911
167,2 BHK,Kolkata,4,6.683193069306931,8.111115044247788,0.0,9.445239852398524,8.862295514511873,9.170891089108911
168,2 BHK,Kolkata,1,0.0,8.111115044247788,0.0,9.8,5.9,9.170891089108911
169,2 BHK,Kolkata,2,0.0,8.111115044247788,0.0,8.3,8.862295514511873,9.170891089108911
170,2 BHK,Kolkata,3,0.0,8.111115044247788,0.0,6.0,8.3,9.170891089108911
171,2 BHK,Kolkata,4,6.683193069306931,8.111115044247788,0.0,9.445239852398524,8.862295514511873,9.170891089108911
172,2 BHK,Kolkata,1,0.0,8.111115044247788,0.0,9.8,5.9,9.170891089108911
173,2 BHK,Kolkata,2,0.0,8.111115044247788,0.0,8.3,8.862295514511873,9.170891089108911
174,2 BHK,Kolkata,3,0.0,8.111115044247788,0.0,6.0,8.3,9.170891089108911
175,2 BHK,Kolkata,4,6.683193069306931,8.111115044247788,0.0,9.445239852398524,8.862295514511873,9.170891089108911
176,2 BHK,Mumbai,1,4.546964285714286,6.7909375,0.0,9.460892857142856,9.682037037037038,8.75
177,2 BHK,Mumbai,2,7.283333333333334,8.4,0.0,9.667499999999999,9.709999999999999,9.170891089108911
178,2 BHK,Mumbai,3,5.328571428571428,6.383333333333333,0.0,9.872857142857143,9.401428571428571,9.170891089108911
179,2 BHK,Mumbai,4,6.683193069306931,8.111115044247788,0.0,9.445239852398524,8.862295514511873,9.170891089108911
180,2 BHK,Mumbai,1,4.546964285714286,6.7909375,0.0,9.460892857142856,9.682037037037038,8.75
181,2 BHK,Mumbai,2,7.283333333333334,8.4,0.0,9.667499999999999,9.709999999999999,9.170891089108911
182,2 BHK,Mumbai,3,5.328571428571428,6.383333333333333,0.0,9.872857142857143,9.401428571428571,9.170891089108911
183,2 BHK,Mumbai,4,6.683193069306931,8.111115044247788,0.0,9.445239852398524,8.862295514511873,9.170891089108911
184,2 BHK,Mumbai,1,4.546964285714286,6.7909375,0.0,9.460892857142856,9.682037037037038,8.75
185,2 BHK,Mumbai,2,7.283333333333334,8.4,0.0,9.667499999999999,9.709999999999999,9.170891089108911
186,2 BHK,Mumbai,3,5.328571428571428,6.383333333333333,0.0,9.872857142857143,9.401428571428571,9.170891089108911
187,2 BHK,Mumbai,4,6.683193069306931,8.111115044247788,0.0,9.445239852398524,8.862295514511873,9.170891089108911
188,2 BHK,Mumbai,1,4.546964285714286,6.7909375,0.0,9.460892857142856,9.682037037037038,8.75
189,2 BHK,Mumbai,2,7.283333333333334,8.4,0.0,9.667499999999999,9.709999999999999,9.170891089108911
190,2 BHK,Mumbai,3,5.328571428571428,6.383333333333333,0.0,9.872857142857143,9.401428571428571,9.170891089108911
191,2 BHK,Mumbai,4,6.683193069306931,8.111115044247788,0.0,9.445239852398524,8.862295514511873,9.170891089108911
192,2 BHK,NCR,1,5.200000000000001,7.279999999999999,0.0,7.371428571428572,9.142857142857142,13.0
193,2 BHK,NCR,2,4.97625,6.783333333333334,0.0,9.07625,8.385714285714284,9.170891089108911
194,2 BHK,NCR,3,3.0,4.0,0.0,7.05,8.4,7.0
195,2 BHK,NCR,4,0.0,8.111115044247788,0.0,6.1,9.3,9.170891089108911
196,2 BHK,NCR,1,5.200000000000001,7.279999999999999,0.0,7.371428571428572,9.142857142857142,13.0
197,2 BHK,NCR,2,4.97625,6.783333333333334,0.0,9.07625,8.385714285714284,9.170891089108911
198,2 BHK,NCR,3,3.0,4.0,0.0,7.05,8.4,7.0
199,2 BHK,NCR,4,0.0,8.111115044247788,0.0,6.1,9.3,9.170891089108911
200,2 BHK,NCR,1,5.200000000000001,7.279999999999999,0.0,7.371428571428572,9.142857142857142,13.0
201,2 BHK,NCR,2,4.97625,6.783333333333334,0.0,9.07625,8.385714285714284,9.170891089108911
202,2 BHK,NCR,3,3.0,4.0,0.0,7.05,8.4,7.0
203,2 BHK,NCR,4,0.0,8.111115044247788,0.0,6.1,9.3,9.170891089108911
204,2 BHK,NCR,1,5.200000000000001,7.279999999999999,0.0,7.371428571428572,9.142857142857142,13.0
205,2 BHK,NCR,2,4.97625,6.783333333333334,0.0,9.07625,8.385714285714284,9.170891089108911
206,2 BHK,NCR,3,3.0,4.0,0.0,7.05,8.4,7.0
207,2 BHK,NCR,4,0.0,8.111115044247788,0.0,6.1,9.3,9.170891089108911
208,2 BHK,Pune,1,3.9833333333333334,6.43,0.0,8.25,7.28875,4.6
209,2 BHK,Pune,2,10.0,10.9,0.0,10.7,6.0,9.170891089108911
210,2 BHK,Pune,3,6.683193069306931,8.111115044247788,0.0,9.445239852398524,8.862295514511873,9.170891089108911
211,2 BHK,Pune,4,6.683193069306931,8.111115044247788,0.0,9.445239852398524,8.862295514511873,9.170891089108911
212,2 BHK,Pune,1,3.9833333333333334,6.43,0.0,8.25,7.28875,4.6
213,2 BHK,Pune,2,10.0,10.9,0.0,10.7,6.0,9.170891089108911
214,2 BHK,Pune,3,6.683193069306931,8.111115044247788,0.0,9.445239852398524,8.862295514511873,9.170891089108911
215,2 BHK,Pune,4,6.683193069306931,8.111115044247788,0.0,9.445239852398524,8.862295514511873,9.170891089108911
216,2 BHK,Pune,1,3.9833333333333334,6.43,0.0,8.25,7.28875,4.6
217,2 BHK,Pune,2,10.0,10.9,0.0,10.7,6.0,9.170891089108911
218,2 BHK,Pune,3,6.683193069306931,8.111115044247788,0.0,9.445239852398524,8.862295514511873,9.170891089108911
219,2 BHK,Pune,4,6.683193069306931,8.111115044247788,0.0,9.445239852398524,8.862295514511873,9.170891089108911
220,2 BHK,Pune,1,3.9833333333333334,6.43,0.0,8.25,7.28875,4.6
221,2 BHK,Pune,2,10.0,10.9,0.0,10.7,6.0,9.170891089108911
222,2 BHK,Pune,3,6.683193069306931,8.111115044247788,0.0,9.445239852398524,8.862295514511873,9.170891089108911
223,2 BHK,Pune,4,6.683193069306931,8.111115044247788,0.0,9.445239852398524,8.862295514511873,9.170891089108911
224,3 BHK,Bengaluru,1,8.15,16.4,16.8,8.55,8.555,9.11
225,3 BHK,Bengaluru,2,7.466666666666666,9.02,8.5275,7.703333333333333,6.75,9.170891089108911
226,3 BHK,Bengaluru,3,6.9990163934426235,8.055531914893615,6.87774193548387,9.908524590163935,8.83084745762712,11.014285714285714
227,3 BHK,Bengaluru,4,7.484819277108436,8.34144927536232,8.102363636363638,9.851325301204819,8.89,8.916842105263159
228,3 BHK,Bengaluru,1,8.15,16.4,16.8,8.55,8.555,9.11
229,3 BHK,Bengaluru,2,7.466666666666666,9.02,8.5275,7.703333333333333,6.75,9.170891089108911
230,3 BHK,Bengaluru,3,6.9990163934426235,8.055531914893615,6.87774193548387,9.908524590163935,8.83084745762712,11.014285714285714
231,3 BHK,Bengaluru,4,7.484819277108436,8.34144927536232,8.102363636363638,9.851325301204819,8.89,8.916842105263159
232,3 BHK,Bengaluru,1,8.15,16.4,16.8,8.55,8.555,9.11
233,3 BHK,Bengaluru,2,7.466666666666666,9.02,8.5275,7.703333333333333,6.75,9.170891089108911
234,3 BHK,Bengaluru,3,6.9990163934426235,8.055531914893615,6.87774193548387,9.908524590163935,8.83084745762712,11.014285714285714
235,3 BHK,Bengaluru,4,7.484819277108436,8.34144927536232,8.102363636363638,9.851325301204819,8.89,8.916842105263159
236,3 BHK,Bengaluru,1,8.15,16.4,16.8,8.55,8.555,9.11
237,3 BHK,Bengaluru,2,7.466666666666666,9.02,8.5275,7.703333333333333,6.75,9.170891089108911
238,3 BHK,Bengaluru,3,6.9990163934426235,8.055531914893615,6.87774193548387,9.908524590163935,8.83084745762712,11.014285714285714
239,3 BHK,Bengaluru,4,7.484819277108436,8.34144927536232,8.102363636363638,9.851325301204819,8.89,8.916842105263159
240,3 BHK,Chennai,1,6.683193069306931,8.111115044247788,8.138206278026907,9.445239852398524,8.862295514511873,9.170891089108911
241,3 BHK,Chennai,2,3.2,6.2,6.1,7.619999999999999,6.0200000000000005,9.170891089108911
242,3 BHK,Chennai,3,6.714285714285714,10.044444444444444,9.70111111111111,11.407142857142858,10.50090909090909,5.1
243,3 BHK,Chennai,4,7.6499999999999995,8.1925,7.87,10.643571428571429,10.331538461538461,9.149999999999999
244,3 BHK,Chennai,1,6.683193069306931,8.111115044247788,8.138206278026907,9.445239852398524,8.862295514511873,9.170891089108911
245,3 BHK,Chennai,2,3.2,6.2,6.1,7.619999999999999,6.0200000000000005,9.170891089108911
246,3 BHK,Chennai,3,6.714285714285714,10.044444444444444,9.70111111111111,11.407142857142858,10.50090909090909,5.1
247,3 BHK,Chennai,4,7.6499999999999995,8.1925,7.87,10.643571428571429,10.331538461538461,9.149999999999999
248,3 BHK,Chennai,1,6.683193069306931,8.111115044247788,8.138206278026907,9.445239852398524,8.862295514511873,9.170891089108911
249,3 BHK,Chennai,2,3.2,6.2,6.1,7.619999999999999,6.0200000000000005,9.170891089108911
250,3 BHK,Chennai,3,6.714285714285714,10.044444444444444,9.70111111111111,11.407142857142858,10.50090909090909,5.1
251,3 BHK,Chennai,4,7.6499999999999995,8.1925,7.87,10.643571428571429,10.331538461538461,9.149999999999999
252,3 BHK,Chennai,1,6.683193069306931,8.111115044247788,8.138206278026907,9.445239852398524,8.862295514511873,9.170891089108911
253,3 BHK,Chennai,2,3.2,6.2,6.1,7.619999999999999,6.0200000000000005,9.170891089108911
254,3 BHK,Chennai,3,6.714285714285714,10.044444444444444,9.70111111111111,11.407142857142858,10.50090909090909,5.1
255,3 BHK,Chennai,4,7.6499999999999995,8.1925,7.87,10.643571428571429,10.331538461538461,9.149999999999999
256,3 BHK,Hyderabad,1,0.0,8.111115044247788,8.138206278026907,5.6,3.5,9.170891089108911
257,3 BHK,Hyderabad,2,6.75,7.0,6.0,8.6,8.9,9.170891089108911
258,3 BHK,Hyderabad,3,8.071428571428571,8.393333333333333,9.045555555555557,9.19357142857143,8.533333333333333,14.5
259,3 BHK,Hyderabad,4,9.047796610169492,9.119183673469387,9.27390243902439,9.581525423728815,9.622909090909094,10.019090909090908
260,3 BHK,Hyderabad,1,0.0,8.111115044247788,8.138206278026907,5.6,3.5,9.170891089108911
261,3 BHK,Hyderabad,2,6.75,7.0,6.0,8.6,8.9,9.170891089108911
262,3 BHK,Hyderabad,3,8.071428571428571,8.393333333333333,9.045555555555557,9.19357142857143,8.533333333333333,14.5
263,3 BHK,Hyderabad,4,9.047796610169492,9.119183673469387,9.27390243902439,9.581525423728815,9.622909090909094,10.019090909090908
264,3 BHK,Hyderabad,1,0.0,8.111115044247788,8.138206278026907,5.6,3.5,9.170891089108911
265,3 BHK,Hyderabad,2,6.75,7.0,6.0,8.6,8.9,9.170891089108911
266,3 BHK,Hyderabad,3,8.071428571428571,8.393333333333333,9.045555555555557,9.19357142857143,8.533333333333333,14.5
267,3 BHK,Hyderabad,4,9.047796610169492,9.119183673469387,9.27390243902439,9.581525423728815,9.622909090909094,10.019090909090908
268,3 BHK,Hyderabad,1,0.0,8.111115044247788,8.138206278026907,5.6,3.5,9.170891089108911
269,3 BHK,Hyderabad,2,6.75,7.0,6.0,8.6,8.9,9.170891089108911
270,3 BHK,Hyderabad,3,8.071428571428571,8.393333333333333,9.045555555555557,9.19357142857143,8.533333333333333,14.5
271,3 BHK,Hyderabad,4,9.047796610169492,9.119183673469387,9.27390243902439,9.581525423728815,9.622909090909094,10.019090909090908
272,3 BHK,Kolkata,1,6.683193069306931,8.111115044247788,8.138206278026907,9.445239852398524,8.862295514511873,9.170891089108911
273,3 BHK,Kolkata,2,0.0,8.111115044247788,8.138206278026907,8.0,8.862295514511873,9.170891089108911
274,3 BHK,Kolkata,3,7.555,10.1,7.9,9.0,9.4,6.1
275,3 BHK,Kolkata,4,0.0,8.111115044247788,8.138206278026907,9.5,5.0,9.170891089108911
276,3 BHK,Kolkata,1,6.683193069306931,8.111115044247788,8.138206278026907,9.445239852398524,8.862295514511873,9.170891089108911
277,3 BHK,Kolkata,2,0.0,8.111115044247788,8.138206278026907,8.0,8.862295514511873,9.170891089108911
278,3 BHK,Kolkata,3,7.555,10.1,7.9,9.0,9.4,6.1
279,3 BHK,Kolkata,4,0.0,8.111115044247788,8.138206278026907,9.5,5.0,9.170891089108911
280,3 BHK,Kolkata,1,6.683193069306931,8.111115044247788,8.138206278026907,9.445239852398524,8.862295514511873,9.170891089108911
281,3 BHK,Kolkata,2,0.0,8.111115044247788,8.138206278026907,8.0,8.862295514511873,9.170891089108911
282,3 BHK,Kolkata,3,7.555,10.1,7.9,9.0,9.4,6.1
283,3 BHK,Kolkata,4,0.0,8.111115044247788,8.138206278026907,9.5,5.0,9.170891089108911
284,3 BHK,Kolkata,1,6.683193069306931,8.111115044247788,8.138206278026907,9.445239852398524,8.862295514511873,9.170891089108911
285,3 BHK,Kolkata,2,0.0,8.111115044247788,8.138206278026907,8.0,8.862295514511873,9.170891089108911
286,3 BHK,Kolkata,3,7.555,10.1,7.9,9.0,9.4,6.1
287,3 BHK,Kolkata,4,0.0,8.111115044247788,8.138206278026907,9.5,5.0,9.170891089108911
288,3 BHK,Mumbai,1,0.0,8.111115044247788,8.138206278026907,14.0,14.0,9.170891089108911
289,3 BHK,Mumbai,2,5.0,6.8,6.6,10.475000000000001,9.766666666666666,9.170891089108911
290,3 BHK,Mumbai,3,5.48,7.135000000000001,7.016666666666667,9.850999999999999,9.800999999999998,8.4
291,3 BHK,Mumbai,4,5.333333333333333,8.15,5.8,11.633333333333333,9.866666666666667,9.170891089108911
292,3 BHK,Mumbai,1,0.0,8.111115044247788,8.138206278026907,14.0,14.0,9.170891089108911
293,3 BHK,Mumbai,2,5.0,6.8,6.6,10.475000000000001,9.766666666666666,9.170891089108911
294,3 BHK,Mumbai,3,5.48,7.135000000000001,7.016666666666667,9.850999999999999,9.800999999999998,8.4
295,3 BHK,Mumbai,4,5.333333333333333,8.15,5.8,11.633333333333333,9.866666666666667,9.170891089108911
296,3 BHK,Mumbai,1,0.0,8.111115044247788,8.138206278026907,14.0,14.0,9.170891089108911
297,3 BHK,Mumbai,2,5.0,6.8,6.6,10.475000000000001,9.766666666666666,9.170891089108911
298,3 BHK,Mumbai,3,5.48,7.135000000000001,7.016666666666667,9.850999999999999,9.800999999999998,8.4
299,3 BHK,Mumbai,4,5.333333333333333,8.15,5.8,11.633333333333333,9.866666666666667,9.170891089108911
300,3 BHK,Mumbai,1,0.0,8.111115044247788,8.138206278026907,14.0,14.0,9.170891089108911
301,3 BHK,Mumbai,2,5.0,6.8,6.6,10.475000000000001,9.766666666666666,9.170891089108911
302,3 BHK,Mumbai,3,5.48,7.135000000000001,7.016666666666667,9.850999999999999,9.800999999999998,8.4
303,3 BHK,Mumbai,4,5.333333333333333,8.15,5.8,11.633333333333333,9.866666666666667,9.170891089108911
304,3 BHK,NCR,1,6.7,5.5,4.6,6.07,8.166666666666666,9.170891089108911
305,3 BHK,NCR,2,4.866666666666666,7.15,7.15,12.233333333333334,10.3,16.5
306,3 BHK,NCR,3,4.826842105263157,6.954615384615384,6.744444444444444,9.426842105263159,8.369375,8.7
307,3 BHK,NCR,4,5.136842105263158,7.316666666666666,7.127272727272728,9.121578947368423,7.937368421052632,7.233333333333334
308,3 BHK,NCR,1,6.7,5.5,4.6,6.07,8.166666666666666,9.170891089108911
309,3 BHK,NCR,2,4.866666666666666,7.15,7.15,12.233333333333334,10.3,16.5
310,3 BHK,NCR,3,4.826842105263157,6.954615384615384,6.744444444444444,9.426842105263159,8.369375,8.7
311,3 BHK,NCR,4,5.136842105263158,7.316666666666666,7.127272727272728,9.121578947368423,7.937368421052632,7.233333333333334
312,3 BHK,NCR,1,6.7,5.5,4.6,6.07,8.166666666666666,9.170891089108911
313,3 BHK,NCR,2,4.866666666666666,7.15,7.15,12.233333333333334,10.3,16.5
314,3 BHK,NCR,3,4.826842105263157,6.954615384615384,6.744444444444444,9.426842105263159,8.369375,8.7
315,3 BHK,NCR,4,5.136842105263158,7.316666666666666,7.127272727272728,9.121578947368423,7.937368421052632,7.233333333333334
316,3 BHK,NCR,1,6.7,5.5,4.6,6.07,8.166666666666666,9.170891089108911
317,3 BHK,NCR,2,4.866666666666666,7.15,7.15,12.233333333333334,10.3,16.5
318,3 BHK,NCR,3,4.826842105263157,6.954615384615384,6.744444444444444,9.426842105263159,8.369375,8.7
319,3 BHK,NCR,4,5.136842105263158,7.316666666666666,7.127272727272728,9.121578947368423,7.937368421052632,7.233333333333334
320,3 BHK,Pune,1,6.4,6.6,8.138206278026907,8.11,8.862295514511873,9.170891089108911
321,3 BHK,Pune,2,8.299999999999999,6.966666666666666,8.5,8.403333333333334,7.3,9.170891089108911
322,3 BHK,Pune,3,4.5,8.6,7.7,8.525,8.933333333333334,9.170891089108911
323,3 BHK,Pune,4,6.683193069306931,8.111115044247788,8.138206278026907,9.445239852398524,8.862295514511873,9.170891089108911
324,3 BHK,Pune,1,6.4,6.6,8.138206278026907,8.11,8.862295514511873,9.170891089108911
325,3 BHK,Pune,2,8.299999999999999,6.966666666666666,8.5,8.403333333333334,7.3,9.170891089108911
326,3 BHK,Pune,3,4.5,8.6,7.7,8.525,8.933333333333334,9.170891089108911
327,3 BHK,Pune,4,6.683193069306931,8.111115044247788,8.138206278026907,9.445239852398524,8.862295514511873,9.170891089108911
328,3 BHK,Pune,1,6.4,6.6,8.138206278026907,8.11,8.862295514511873,9.170891089108911
329,3 BHK,Pune,2,8.299999999999999,6.966666666666666,8.5,8.403333333333334,7.3,9.170891089108911
330,3 BHK,Pune,3,4.5,8.6,7.7,8.525,8.933333333333334,9.170891089108911
331,3 BHK,Pune,4,6.683193069306931,8.111115044247788,8.138206278026907,9.445239852398524,8.862295514511873,9.170891089108911
332,3 BHK,Pune,1,6.4,6.6,8.138206278026907,8.11,8.862295514511873,9.170891089108911
333,3 BHK,Pune,2,8.299999999999999,6.966666666666666,8.5,8.403333333333334,7.3,9.170891089108911
334,3 BHK,Pune,3,4.5,8.6,7.7,8.525,8.933333333333334,9.170891089108911
335,3 BHK,Pune,4,6.683193069306931,8.111115044247788,8.138206278026907,9.445239852398524,8.862295514511873,9.170891089108911
336,4 BHK,Bengaluru,1,6.683193069306931,8.111115044247788,8.138206278026907,9.445239852398524,8.862295514511873,9.170891089108911
337,4 BHK,Bengaluru,2,6.683193069306931,8.111115044247788,8.138206278026907,9.445239852398524,8.862295514511873,9.170891089108911
338,4 BHK,Bengaluru,3,6.683193069306931,8.111115044247788,8.138206278026907,9.445239852398524,8.862295514511873,9.170891089108911
339,4 BHK,Bengaluru,4,5.816666666666666,10.033333333333333,8.11,11.801666666666668,11.853333333333333,9.9
340,4 BHK,Bengaluru,1,6.683193069306931,8.111115044247788,8.138206278026907,9.445239852398524,8.862295514511873,9.170891089108911
341,4 BHK,Bengaluru,2,6.683193069306931,8.111115044247788,8.138206278026907,9.445239852398524,8.862295514511873,9.170891089108911
342,4 BHK,Bengaluru,3,6.683193069306931,8.111115044247788,8.138206278026907,9.445239852398524,8.862295514511873,9.170891089108911
343,4 BHK,Bengaluru,4,5.816666666666666,10.033333333333333,8.11,11.801666666666668,11.853333333333333,9.9
344,4 BHK,Bengaluru,1,6.683193069306931,8.111115044247788,8.138206278026907,9.445239852398524,8.862295514511873,9.170891089108911
345,4 BHK,Bengaluru,2,6.683193069306931,8.111115044247788,8.138206278026907,9.445239852398524,8.862295514511873,9.170891089108911
346,4 BHK,Bengaluru,3,6.683193069306931,8.111115044247788,8.138206278026907,9.445239852398524,8.862295514511873,9.170891089108911
347,4 BHK,Bengaluru,4,5.816666666666666,10.033333333333333,8.11,11.801666666666668,11.853333333333333,9.9
348,4 BHK,Bengaluru,1,6.683193069306931,8.111115044247788,8.138206278026907,9.445239852398524,8.862295514511873,9.170891089108911
349,4 BHK,Bengaluru,2,6.683193069306931,8.111115044247788,8.138206278026907,9.445239852398524,8.862295514511873,9.170891089108911
350,4 BHK,Bengaluru,3,6.683193069306931,8.111115044247788,8.138206278026907,9.445239852398524,8.862295514511873,9.170891089108911
351,4 BHK,Bengaluru,4,5.816666666666666,10.033333333333333,8.11,11.801666666666668,11.853333333333333,9.9
352,4 BHK,Chennai,1,6.683193069306931,8.111115044247788,8.138206278026907,9.445239852398524,8.862295514511873,9.170891089108911
353,4 BHK,Chennai,2,6.683193069306931,8.111115044247788,8.138206278026907,9.445239852398524,8.862295514511873,9.170891089108911
354,4 BHK,Chennai,3,6.683193069306931,8.111115044247788,8.138206278026907,9.445239852398524,8.862295514511873,9.170891089108911
355,4 BHK,Chennai,4,8.1,8.0,4.1,10.1,10.0,9.170891089108911
356,4 BHK,Chennai,1,6.683193069306931,8.111115044247788,8.138206278026907,9.445239852398524,8.862295514511873,9.170891089108911
357,4 BHK,Chennai,2,6.683193069306931,8.111115044247788,8.138206278026907,9.445239852398524,8.862295514511873,9.170891089108911
358,4 BHK,Chennai,3,6.683193069306931,8.111115044247788,8.138206278026907,9.445239852398524,8.862295514511873,9.170891089108911
359,4 BHK,Chennai,4,8.1,8.0,4.1,10.1,10.0,9.170891089108911
360,4 BHK,Chennai,1,6.683193069306931,8.111115044247788,8.138206278026907,9.445239852398524,8.862295514511873,9.170891089108911
361,4 BHK,Chennai,2,6.683193069306931,8.111115044247788,8.138206278026907,9.445239852398524,8.862295514511873,9.170891089108911
362,4 BHK,Chennai,3,6.683193069306931,8.111115044247788,8.138206278026907,9.445239852398524,8.862295514511873,9.170891089108911
363,4 BHK,Chennai,4,8.1,8.0,4.1,10.1,10.0,9.170891089108911
364,4 BHK,Chennai,1,6.683193069306931,8.111115044247788,8.138206278026907,9.445239852398524,8.862295514511873,9.170891089108911
365,4 BHK,Chennai,2,6.683193069306931,8.111115044247788,8.138206278026907,9.445239852398524,8.862295514511873,9.170891089108911
366,4 BHK,Chennai,3,6.683193069306931,8.111115044247788,8.138206278026907,9.445239852398524,8.862295514511873,9.170891089108911
367,4 BHK,Chennai,4,8.1,8.0,4.1,10.1,10.0,9.170891089108911
368,4 BHK,Hyderabad,1,6.683193069306931,8.111115044247788,8.138206278026907,9.445239852398524,8.862295514511873,9.170891089108911
369,4 BHK,Hyderabad,2,6.683193069306931,8.111115044247788,8.138206278026907,9.445239852398524,8.862295514511873,9.170891089108911
370,4 BHK,Hyderabad,3,6.683193069306931,8.111115044247788,8.138206278026907,9.445239852398524,8.862295514511873,9.170891089108911
371,4 BHK,Hyderabad,4,4.574999999999999,7.6,8.0,13.450000000000001,11.2,11.1
372,4 BHK,Hyderabad,1,6.683193069306931,8.111115044247788,8.138206278026907,9.445239852398524,8.862295514511873,9.170891089108911
373,4 BHK,Hyderabad,2,6.683193069306931,8.111115044247788,8.138206278026907,9.445239852398524,8.862295514511873,9.170891089108911
374,4 BHK,Hyderabad,3,6.683193069306931,8.111115044247788,8.138206278026907,9.445239852398524,8.862295514511873,9.170891089108911
375,4 BHK,Hyderabad,4,4.574999999999999,7.6,8.0,13.450000000000001,11.2,11.1
376,4 BHK,Hyderabad,1,6.683193069306931,8.111115044247788,8.138206278026907,9.445239852398524,8.862295514511873,9.170891089108911
377,4 BHK,Hyderabad,2,6.683193069306931,8.111115044247788,8.138206278026907,9.445239852398524,8.862295514511873,9.170891089108911
378,4 BHK,Hyderabad,3,6.683193069306931,8.111115044247788,8.138206278026907,9.445239852398524,8.862295514511873,9.170891089108911
379,4 BHK,Hyderabad,4,4.574999999999999,7.6,8.0,13.450000000000001,11.2,11.1
380,4 BHK,Hyderabad,1,6.683193069306931,8.111115044247788,8.138206278026907,9.445239852398524,8.862295514511873,9.170891089108911
381,4 BHK,Hyderabad,2,6.683193069306931,8.111115044247788,8.138206278026907,9.445239852398524,8.862295514511873,9.170891089108911
382,4 BHK,Hyderabad,3,6.683193069306931,8.111115044247788,8.138206278026907,9.445239852398524,8.862295514511873,9.170891089108911
383,4 BHK,Hyderabad,4,4.574999999999999,7.6,8.0,13.450000000000001,11.2,11.1
384,4 BHK,Kolkata,1,6.683193069306931,8.111115044247788,8.138206278026907,9.445239852398524,8.862295514511873,9.170891089108911
385,4 BHK,Kolkata,2,6.683193069306931,8.111115044247788,8.138206278026907,9.445239852398524,8.862295514511873,9.170891089108911
386,4 BHK,Kolkata,3,6.683193069306931,8.111115044247788,8.138206278026907,9.445239852398524,8.862295514511873,9.170891089108911
387,4 BHK,Kolkata,4,6.683193069306931,8.111115044247788,8.138206278026907,9.445239852398524,8.862295514511873,9.170891089108911
388,4 BHK,Kolkata,1,6.683193069306931,8.111115044247788,8.138206278026907,9.445239852398524,8.862295514511873,9.170891089108911
389,4 BHK,Kolkata,2,6.683193069306931,8.111115044247788,8.138206278026907,9.445239852398524,8.862295514511873,9.170891089108911
390,4 BHK,Kolkata,3,6.683193069306931,8.111115044247788,8.138206278026907,9.445239852398524,8.862295514511873,9.170891089108911
391,4 BHK,Kolkata,4,6.683193069306931,8.111115044247788,8.138206278026907,9.445239852398524,8.862295514511873,9.170891089108911
392,4 BHK,Kolkata,1,6.683193069306931,8.111115044247788,8.138206278026907,9.445239852398524,8.862295514511873,9.170891089108911
393,4 BHK,Kolkata,2,6.683193069306931,8.111115044247788,8.138206278026907,9.445239852398524,8.862295514511873,9.170891089108911
394,4 BHK,Kolkata,3,6.683193069306931,8.111115044247788,8.138206278026907,9.445239852398524,8.862295514511873,9.170891089108911
395,4 BHK,Kolkata,4,6.683193069306931,8.111115044247788,8.138206278026907,9.445239852398524,8.862295514511873,9.170891089108911
396,4 BHK,Kolkata,1,6.683193069306931,8.111115044247788,8.138206278026907,9.445239852398524,8.862295514511873,9.170891089108911
397,4 BHK,Kolkata,2,6.683193069306931,8.111115044247788,8.138206278026907,9.445239852398524,8.862295514511873,9.170891089108911
398,4 BHK,Kolkata,3,6.683193069306931,8.111115044247788,8.138206278026907,9.445239852398524,8.862295514511873,9.170891089108911
399,4 BHK,Kolkata,4,6.683193069306931,8.111115044247788,8.138206278026907,9.445239852398524,8.862295514511873,9.170891089108911
400,4 BHK,Mumbai,1,6.683193069306931,8.111115044247788,8.138206278026907,9.445239852398524,8.862295514511873,9.170891089108911
401,4 BHK,Mumbai,2,6.683193069306931,8.111115044247788,8.138206278026907,9.445239852398524,8.862295514511873,9.170891089108911
402,4 BHK,Mumbai,3,6.683193069306931,8.111115044247788,8.138206278026907,9.445239852398524,8.862295514511873,9.170891089108911
403,4 BHK,Mumbai,4,10.0,8.111115044247788,8.138206278026907,7.0,5.0,9.170891089108911
404,4 BHK,Mumbai,1,6.683193069306931,8.111115044247788,8.138206278026907,9.445239852398524,8.862295514511873,9.170891089108911
405,4 BHK,Mumbai,2,6.683193069306931,8.111115044247788,8.138206278026907,9.445239852398524,8.862295514511873,9.170891089108911
406,4 BHK,Mumbai,3,6.683193069306931,8.111115044247788,8.138206278026907,9.445239852398524,8.862295514511873,9.170891089108911
407,4 BHK,Mumbai,4,10.0,8.111115044247788,8.138206278026907,7.0,5.0,9.170891089108911
408,4 BHK,Mumbai,1,6.683193069306931,8.111115044247788,8.138206278026907,9.445239852398524,8.862295514511873,9.170891089108911
409,4 BHK,Mumbai,2,6.683193069306931,8.111115044247788,8.138206278026907,9.445239852398524,8.862295514511873,9.170891089108911
410,4 BHK,Mumbai,3,6.683193069306931,8.111115044247788,8.138206278026907,9.445239852398524,8.862295514511873,9.170891089108911
411,4 BHK,Mumbai,4,10.0,8.111115044247788,8.138206278026907,7.0,5.0,9.170891089108911
412,4 BHK,Mumbai,1,6.683193069306931,8.111115044247788,8.138206278026907,9.445239852398524,8.862295514511873,9.170891089108911
413,4 BHK,Mumbai,2,6.683193069306931,8.111115044247788,8.138206278026907,9.445239852398524,8.862295514511873,9.170891089108911
414,4 BHK,Mumbai,3,6.683193069306931,8.111115044247788,8.138206278026907,9.445239852398524,8.862295514511873,9.170891089108911
415,4 BHK,Mumbai,4,10.0,8.111115044247788,8.138206278026907,7.0,5.0,9.170891089108911
416,4 BHK,NCR,1,6.683193069306931,8.111115044247788,8.138206278026907,9.445239852398524,8.862295514511873,9.170891089108911
417,4 BHK,NCR,2,6.683193069306931,8.111115044247788,8.138206278026907,9.445239852398524,8.862295514511873,9.170891089108911
418,4 BHK,NCR,3,6.683193069306931,8.111115044247788,8.138206278026907,9.445239852398524,8.862295514511873,9.170891089108911
419,4 BHK,NCR,4,6.38,7.625,8.07,12.24,12.040000000000001,20.0
420,4 BHK,NCR,1,6.683193069306931,8.111115044247788,8.138206278026907,9.445239852398524,8.862295514511873,9.170891089108911
421,4 BHK,NCR,2,6.683193069306931,8.111115044247788,8.138206278026907,9.445239852398524,8.862295514511873,9.170891089108911
422,4 BHK,NCR,3,6.683193069306931,8.111115044247788,8.138206278026907,9.445239852398524,8.862295514511873,9.170891089108911
423,4 BHK,NCR,4,6.38,7.625,8.07,12.24,12.040000000000001,20.0
424,4 BHK,NCR,1,6.683193069306931,8.111115044247788,8.138206278026907,9.445239852398524,8.862295514511873,9.170891089108911
425,4 BHK,NCR,2,6.683193069306931,8.111115044247788,8.138206278026907,9.445239852398524,8.862295514511873,9.170891089108911
426,4 BHK,NCR,3,6.683193069306931,8.111115044247788,8.138206278026907,9.445239852398524,8.862295514511873,9.170891089108911
427,4 BHK,NCR,4,6.38,7.625,8.07,12.24,12.040000000000001,20.0
428,4 BHK,NCR,1,6.683193069306931,8.111115044247788,8.138206278026907,9.445239852398524,8.862295514511873,9.170891089108911
429,4 BHK,NCR,2,6.683193069306931,8.111115044247788,8.138206278026907,9.445239852398524,8.862295514511873,9.170891089108911
430,4 BHK,NCR,3,6.683193069306931,8.111115044247788,8.138206278026907,9.445239852398524,8.862295514511873,9.170891089108911
431,4 BHK,NCR,4,6.38,7.625,8.07,12.24,12.040000000000001,20.0
432,4 BHK,Pune,1,6.683193069306931,8.111115044247788,8.138206278026907,9.445239852398524,8.862295514511873,9.170891089108911
433,4 BHK,Pune,2,6.683193069306931,8.111115044247788,8.138206278026907,9.445239852398524,8.862295514511873,9.170891089108911
434,4 BHK,Pune,3,6.683193069306931,8.111115044247788,8.138206278026907,9.445239852398524,8.862295514511873,9.170891089108911
435,4 BHK,Pune,4,6.683193069306931,8.111115044247788,8.138206278026907,9.445239852398524,8.862295514511873,9.170891089108911
436,4 BHK,Pune,1,6.683193069306931,8.111115044247788,8.138206278026907,9.445239852398524,8.862295514511873,9.170891089108911
437,4 BHK,Pune,2,6.683193069306931,8.111115044247788,8.138206278026907,9.445239852398524,8.862295514511873,9.170891089108911
438,4 BHK,Pune,3,6.683193069306931,8.111115044247788,8.138206278026907,9.445239852398524,8.862295514511873,9.170891089108911
439,4 BHK,Pune,4,6.683193069306931,8.111115044247788,8.138206278026907,9.445239852398524,8.862295514511873,9.170891089108911
440,4 BHK,Pune,1,6.683193069306931,8.111115044247788,8.138206278026907,9.445239852398524,8.862295514511873,9.170891089108911
441,4 BHK,Pune,2,6.683193069306931,8.111115044247788,8.138206278026907,9.445239852398524,8.862295514511873,9.170891089108911
442,4 BHK,Pune,3,6.683193069306931,8.111115044247788,8.138206278026907,9.445239852398524,8.862295514511873,9.170891089108911
443,4 BHK,Pune,4,6.683193069306931,8.111115044247788,8.138206278026907,9.445239852398524,8.862295514511873,9.170891089108911
444,4 BHK,Pune,1,6.683193069306931,8.111115044247788,8.138206278026907,9.445239852398524,8.862295514511873,9.170891089108911
445,4 BHK,Pune,2,6.683193069306931,8.111115044247788,8.138206278026907,9.445239852398524,8.862295514511873,9.170891089108911
446,4 BHK,Pune,3,6.683193069306931,8.111115044247788,8.138206278026907,9.445239852398524,8.862295514511873,9.170891089108911
447,4 BHK,Pune,4,6.683193069306931,8.111115044247788,8.138206278026907,9.445239852398524,8.862295514511873,9.170891089108911
